trial_nr	onset	event_type	phase	response	nr_frames	block_type	trial_type	response_hand	phase_duration	key_duration	onset_abs	duration
1	0.004008100018836558	stim	0		0	ambiguous	ambiguous	preferred	2.0		4.3472572000464424	2.7883571999846026
1	2.792365300003439	ambiguous	0	space	0					0.1161827000323683	7.135614400031045	0.401763700065203
1	3.194129000068642	ambiguous	0	space	118					0.10018690000288188	7.537378100096248	-1.188281000009738
1	2.0058480000589043	stim	1		299	ambiguous	ambiguous	preferred	2.0		6.34909710008651	4.996357999974862
2	7.002206000033766	stim	0		120	unambiguous	left	preferred	2.0		11.345455100061372	2.00315290002618
2	9.005358900059946	stim	1		143	unambiguous	left	preferred	2.0		13.348608000087552	2.3842171999858692
3	11.389576100045815	stim	0		120	unambiguous	right	preferred	2.0		15.732825200073421	2.0033082000445575
3	13.392884300090373	stim	1		17	unambiguous	right	preferred	2.0		17.73613340011798	0.30202750000171363
